DATE,CBBTCUSD,SP500
2015-01-01,288.99,2058.2
2015-01-02,288.99,2058.2
2015-01-05,288.99,2020.58
2015-01-06,288.99,2002.61
2015-01-07,288.99,2025.9
2015-01-08,288.99,2062.14
2015-01-09,283.192,2044.81
2015-01-12,265.798,2028.26
2015-01-13,260.0,2023.03
2015-01-14,120.0,2011.27
2015-01-15,204.22,1992.67
2015-01-16,199.46,2019.42
2015-01-19,225.51,2021.7676
2015-01-20,218.0,2022.55
2015-01-21,225.51,2032.12
2015-01-22,226.32,2063.15
2015-01-23,235.0,2051.82
2015-01-26,274.48,2057.09
2015-01-27,263.65,2029.55
2015-01-28,236.09,2002.16
2015-01-29,235.03,2021.25
2015-01-30,229.07,1994.99
2015-02-02,237.83,2020.85
2015-02-03,228.58,2050.03
2015-02-04,227.11,2041.51
2015-02-05,216.76,2062.52
2015-02-06,223.2,2055.47
2015-02-09,221.1,2046.74
2015-02-10,220.87,2068.59
2015-02-11,219.81,2068.53
2015-02-12,223.21,2088.48
2015-02-13,236.49,2096.99
2015-02-16,234.68,2099.5024
2015-02-17,244.82,2100.34
2015-02-18,237.49,2099.68
2015-02-19,240.9,2097.45
2015-02-20,245.34,2110.3
2015-02-23,239.49,2109.66
2015-02-24,239.87,2115.48
2015-02-25,238.19,2113.86
2015-02-26,237.11,2110.74
2015-02-27,254.42,2104.5
2015-03-02,276.7,2117.39
2015-03-03,283.27,2107.78
2015-03-04,273.37,2098.53
2015-03-05,276.86,2101.04
2015-03-06,273.23,2071.26
2015-03-09,290.19,2079.43
2015-03-10,293.47,2044.16
2015-03-11,296.99,2040.24
2015-03-12,296.05,2065.95
2015-03-13,284.0,2053.4
2015-03-16,292.37,2081.19
2015-03-17,286.74,2074.28
2015-03-18,258.5,2099.5
2015-03-19,263.05,2089.27
2015-03-20,263.31,2108.1
2015-03-23,267.53,2104.42
2015-03-24,246.15,2091.5
2015-03-25,246.88,2061.05
2015-03-26,249.88,2056.15
2015-03-27,247.81,2061.02
2015-03-30,248.78,2086.24
2015-03-31,245.5,2067.89
2015-04-01,247.87,2059.69
2015-04-02,254.39,2066.96
2015-04-03,254.84,2070.375
2015-04-06,256.85,2080.62
2015-04-07,254.27,2076.33
2015-04-08,246.58,2081.9
2015-04-09,244.74,2091.18
2015-04-10,236.78,2102.06
2015-04-13,225.73,2092.43
2015-04-14,221.05,2095.84
2015-04-15,224.35,2106.63
2015-04-16,229.45,2104.99
2015-04-17,223.62,2081.18
2015-04-20,225.37,2100.4
2015-04-21,235.89,2097.29
2015-04-22,233.98,2107.96
2015-04-23,235.99,2112.93
2015-04-24,231.51,2117.69
2015-04-27,227.58,2108.92
2015-04-28,225.64,2114.76
2015-04-29,225.6,2106.85
2015-04-30,236.81,2085.51
2015-05-01,233.14,2108.29
2015-05-04,239.75,2114.49
2015-05-05,236.76,2089.46
2015-05-06,230.0,2080.15
2015-05-07,237.99,2088.0
2015-05-08,244.54,2116.1
2015-05-11,242.86,2105.33
2015-05-12,242.03,2099.12
2015-05-13,236.32,2098.48
2015-05-14,237.46,2121.1
2015-05-15,237.82,2122.73
2015-05-18,234.04,2129.2
2015-05-19,232.59,2127.83
2015-05-20,234.54,2125.85
2015-05-21,235.77,2130.82
2015-05-22,240.45,2126.06
2015-05-25,237.43,2109.665
2015-05-26,236.79,2104.2
2015-05-27,237.35,2123.48
2015-05-28,237.34,2120.79
2015-05-29,236.89,2107.39
2015-06-01,223.56,2111.73
2015-06-02,225.85,2109.6
2015-06-03,225.86,2114.07
2015-06-04,224.57,2095.84
2015-06-05,224.97,2092.83
2015-06-08,229.1,2079.28
2015-06-09,229.18,2080.15
2015-06-10,228.73,2105.2
2015-06-11,229.69,2108.86
2015-06-12,229.47,2094.11
2015-06-15,236.99,2084.43
2015-06-16,251.91,2096.29
2015-06-17,250.25,2100.44
2015-06-18,249.27,2121.24
2015-06-19,246.33,2109.99
2015-06-22,247.5,2122.85
2015-06-23,244.52,2124.2
2015-06-24,240.04,2108.58
2015-06-25,242.44,2102.31
2015-06-26,243.0,2101.49
2015-06-29,257.54,2057.64
2015-06-30,263.82,2063.11
2015-07-01,259.02,2077.42
2015-07-02,254.85,2076.78
2015-07-03,256.95,2074.775
2015-07-06,269.94,2068.76
2015-07-07,266.18,2081.34
2015-07-08,270.97,2046.68
2015-07-09,269.75,2051.31
2015-07-10,286.67,2076.62
2015-07-13,293.08,2099.6
2015-07-14,287.51,2108.95
2015-07-15,285.7,2107.4
2015-07-16,279.38,2124.29
2015-07-17,280.58,2126.64
2015-07-20,280.0,2128.28
2015-07-21,277.32,2119.21
2015-07-22,277.89,2114.15
2015-07-23,277.39,2102.15
2015-07-24,289.12,2079.65
2015-07-27,294.21,2067.64
2015-07-28,295.76,2093.25
2015-07-29,290.19,2108.57
2015-07-30,288.49,2108.63
2015-07-31,285.19,2103.84
2015-08-03,280.95,2098.04
2015-08-04,285.51,2093.32
2015-08-05,282.77,2099.84
2015-08-06,279.65,2083.56
2015-08-07,279.94,2077.57
2015-08-10,265.15,2104.18
2015-08-11,271.99,2084.07
2015-08-12,266.94,2086.05
2015-08-13,264.67,2083.39
2015-08-14,266.17,2091.54
2015-08-17,257.31,2102.44
2015-08-18,221.99,2096.92
2015-08-19,227.34,2079.61
2015-08-20,235.56,2035.73
2015-08-21,232.85,1970.89
2015-08-24,211.16,1893.21
2015-08-25,223.73,1867.61
2015-08-26,226.81,1940.51
2015-08-27,225.8,1987.66
2015-08-28,231.55,1988.87
2015-08-31,230.75,1972.18
2015-09-01,228.22,1913.85
2015-09-02,229.97,1948.86
2015-09-03,227.25,1951.13
2015-09-04,231.39,1921.22
2015-09-07,241.31,1957.3625
2015-09-08,244.14,1969.41
2015-09-09,238.75,1942.04
2015-09-10,238.52,1952.29
2015-09-11,240.9,1961.05
2015-09-14,231.01,1953.03
2015-09-15,230.6,1978.09
2015-09-16,229.73,1995.31
2015-09-17,233.34,1990.2
2015-09-18,233.78,1958.03
2015-09-21,227.31,1966.97
2015-09-22,231.28,1942.74
2015-09-23,230.26,1938.76
2015-09-24,235.27,1932.24
2015-09-25,235.89,1931.34
2015-09-28,239.99,1881.77
2015-09-29,236.89,1884.09
2015-09-30,237.14,1920.03
2015-10-01,238.34,1923.82
2015-10-02,238.28,1951.36
2015-10-05,240.95,1987.05
2015-10-06,246.64,1979.92
2015-10-07,244.0,1995.83
2015-10-08,242.94,2013.43
2015-10-09,244.35,2014.89
2015-10-12,246.39,2017.46
2015-10-13,250.99,2003.69
2015-10-14,253.27,1994.24
2015-10-15,254.99,2023.86
2015-10-16,263.43,2033.11
2015-10-19,265.17,2033.66
2015-10-20,271.14,2030.77
2015-10-21,268.77,2018.94
2015-10-22,275.84,2052.51
2015-10-23,278.76,2075.15
2015-10-26,287.1,2071.18
2015-10-27,295.61,2065.89
2015-10-28,304.09,2090.35
2015-10-29,316.08,2089.41
2015-10-30,329.11,2079.36
2015-11-02,365.21,2104.05
2015-11-03,404.1,2109.79
2015-11-04,410.0,2102.31
2015-11-05,387.21,2099.93
2015-11-06,374.09,2099.2
2015-11-09,379.53,2078.58
2015-11-10,337.14,2081.72
2015-11-11,313.2,2075.0
2015-11-12,336.49,2045.97
2015-11-13,338.07,2023.04
2015-11-16,332.89,2053.19
2015-11-17,336.49,2050.44
2015-11-18,335.49,2083.58
2015-11-19,326.41,2081.24
2015-11-20,322.39,2089.17
2015-11-23,323.0,2086.59
2015-11-24,321.0,2089.14
2015-11-25,328.98,2088.87
2015-11-26,352.57,2089.4902
2015-11-27,358.19,2090.11
2015-11-30,376.86,2080.41
2015-12-01,362.68,2102.63
2015-12-02,360.0,2079.51
2015-12-03,361.77,2049.62
2015-12-04,363.98,2091.69
2015-12-07,394.73,2077.07
2015-12-08,418.94,2063.59
2015-12-09,418.39,2047.62
2015-12-10,415.68,2052.23
2015-12-11,452.95,2012.37
2015-12-14,444.01,2021.94
2015-12-15,464.27,2043.41
2015-12-16,453.97,2073.07
2015-12-17,455.5,2041.89
2015-12-18,463.17,2005.55
2015-12-21,436.81,2021.15
2015-12-22,433.92,2038.97
2015-12-23,442.43,2064.29
2015-12-24,455.74,2060.99
2015-12-25,455.84,2059.8674
2015-12-28,421.94,2056.5
2015-12-29,433.89,2078.36
2015-12-30,427.95,2063.36
2015-12-31,430.35,2043.94
2016-01-01,435.66,2036.12
2016-01-04,433.85,2012.66
2016-01-05,433.34,2016.71
2016-01-06,430.87,1990.26
2016-01-07,459.07,1943.09
2016-01-08,454.44,1922.03
2016-01-11,449.19,1923.67
2016-01-12,434.01,1938.68
2016-01-13,432.77,1890.28
2016-01-14,430.03,1921.84
2016-01-15,357.53,1880.33
2016-01-18,384.89,1881.08
2016-01-19,375.27,1881.33
2016-01-20,418.54,1859.33
2016-01-21,409.38,1868.99
2016-01-22,382.9,1906.9
2016-01-25,391.4,1877.08
2016-01-26,391.54,1903.63
2016-01-27,394.79,1882.95
2016-01-28,379.61,1893.36
2016-01-29,378.68,1940.24
2016-02-01,371.33,1939.38
2016-02-02,372.93,1903.03
2016-02-03,368.87,1912.53
2016-02-04,387.99,1915.45
2016-02-05,384.5,1880.05
2016-02-08,371.14,1853.44
2016-02-09,372.68,1852.21
2016-02-10,378.44,1851.86
2016-02-11,378.23,1829.08
2016-02-12,382.05,1864.78
2016-02-15,398.95,1887.88
2016-02-16,407.42,1895.58
2016-02-17,415.2,1926.82
2016-02-18,421.19,1917.83
2016-02-19,420.72,1917.78
2016-02-22,437.55,1945.5
2016-02-23,419.97,1921.27
2016-02-24,423.94,1929.8
2016-02-25,423.54,1951.7
2016-02-26,430.85,1948.05
2016-02-29,436.44,1932.23
2016-03-01,433.08,1978.35
2016-03-02,420.39,1986.45
2016-03-03,418.8,1993.4
2016-03-04,407.35,1999.99
2016-03-07,412.21,2001.76
2016-03-08,411.18,1979.26
2016-03-09,412.8,1989.26
2016-03-10,415.98,1989.57
2016-03-11,419.39,2022.19
2016-03-14,415.02,2019.64
2016-03-15,415.41,2015.93
2016-03-16,416.07,2027.22
2016-03-17,418.41,2040.59
2016-03-18,409.65,2049.58
2016-03-21,412.0,2051.6
2016-03-22,416.66,2049.8
2016-03-23,417.53,2036.71
2016-03-24,412.95,2035.94
2016-03-25,416.41,2036.2175
2016-03-28,423.0,2037.05
2016-03-29,416.39,2055.01
2016-03-30,412.79,2063.95
2016-03-31,416.03,2059.74
2016-04-01,417.68,2072.78
2016-04-04,419.47,2066.13
2016-04-05,422.36,2045.17
2016-04-06,421.46,2066.66
2016-04-07,421.99,2041.91
2016-04-08,419.48,2047.6
2016-04-11,423.94,2041.99
2016-04-12,427.8,2061.72
2016-04-13,425.58,2082.42
2016-04-14,426.32,2082.78
2016-04-15,430.93,2080.73
2016-04-18,430.97,2094.34
2016-04-19,437.06,2100.8
2016-04-20,442.96,2102.4
2016-04-21,452.25,2091.48
2016-04-22,448.41,2091.58
2016-04-25,466.17,2087.79
2016-04-26,470.59,2091.7
2016-04-27,445.31,2095.15
2016-04-28,451.68,2075.81
2016-04-29,458.82,2065.3
2016-05-02,446.42,2081.43
2016-05-03,452.21,2063.37
2016-05-04,448.68,2051.12
2016-05-05,449.98,2050.63
2016-05-06,462.31,2057.14
2016-05-09,464.16,2058.69
2016-05-10,452.78,2084.39
2016-05-11,454.37,2064.46
2016-05-12,456.48,2064.11
2016-05-13,457.98,2046.61
2016-05-16,455.66,2066.66
2016-05-17,454.19,2047.21
2016-05-18,455.56,2047.63
2016-05-19,438.38,2040.04
2016-05-20,445.65,2052.32
2016-05-23,445.67,2048.04
2016-05-24,446.99,2076.06
2016-05-25,451.49,2090.54
2016-05-26,454.97,2090.1
2016-05-27,471.27,2099.06
2016-05-30,532.55,2097.4849
2016-05-31,531.34,2096.96
2016-06-01,534.84,2099.33
2016-06-02,537.87,2105.26
2016-06-03,571.25,2099.13
2016-06-06,586.77,2109.41
2016-06-07,579.71,2112.13
2016-06-08,583.21,2119.12
2016-06-09,577.46,2115.48
2016-06-10,580.31,2096.07
2016-06-13,706.01,2079.06
2016-06-14,684.95,2075.32
2016-06-15,698.78,2071.5
2016-06-16,769.76,2077.99
2016-06-17,752.26,2071.22
2016-06-20,703.12,2083.25
2016-06-21,667.66,2088.9
2016-06-22,604.5,2085.45
2016-06-23,631.1,2113.32
2016-06-24,669.98,2037.41
2016-06-27,657.87,2000.54
2016-06-28,648.43,2036.09
2016-06-29,639.42,2070.77
2016-06-30,673.49,2098.86
2016-07-01,678.19,2102.95
2016-07-04,681.98,2092.15
2016-07-05,669.87,2088.55
2016-07-06,678.79,2099.73
2016-07-07,641.97,2097.9
2016-07-08,667.33,2129.9
2016-07-11,650.97,2137.16
2016-07-12,666.56,2152.14
2016-07-13,655.34,2152.43
2016-07-14,661.65,2163.75
2016-07-15,667.48,2161.74
2016-07-18,675.5,2166.89
2016-07-19,673.98,2163.78
2016-07-20,666.92,2173.02
2016-07-21,667.28,2165.17
2016-07-22,654.67,2175.03
2016-07-25,657.79,2168.48
2016-07-26,654.06,2169.18
2016-07-27,657.35,2166.58
2016-07-28,657.4,2170.06
2016-07-29,657.0,2173.6
2016-08-01,605.2,2170.84
2016-08-02,537.47,2157.03
2016-08-03,573.36,2163.79
2016-08-04,587.5,2164.25
2016-08-05,583.0,2182.87
2016-08-08,591.48,2180.89
2016-08-09,586.45,2181.74
2016-08-10,594.94,2175.49
2016-08-11,587.91,2185.79
2016-08-12,587.74,2184.05
2016-08-15,567.79,2190.15
2016-08-16,579.02,2178.15
2016-08-17,574.45,2182.22
2016-08-18,574.09,2187.02
2016-08-19,573.67,2183.87
2016-08-22,585.2,2182.64
2016-08-23,582.39,2186.9
2016-08-24,578.47,2175.44
2016-08-25,575.58,2172.47
2016-08-26,579.29,2169.04
2016-08-29,573.21,2180.38
2016-08-30,574.95,2176.12
2016-08-31,572.89,2170.95
2016-09-01,573.02,2170.86
2016-09-02,576.21,2179.98
2016-09-05,605.69,2184.855
2016-09-06,612.99,2186.48
2016-09-07,615.21,2186.16
2016-09-08,627.97,2181.3
2016-09-09,622.07,2127.81
2016-09-12,606.74,2159.04
2016-09-13,608.63,2127.02
2016-09-14,608.43,2125.77
2016-09-15,605.44,2147.26
2016-09-16,607.93,2139.16
2016-09-19,608.6,2139.12
2016-09-20,605.6,2139.76
2016-09-21,597.0,2163.12
2016-09-22,596.21,2177.18
2016-09-23,602.96,2164.69
2016-09-26,607.08,2146.1
2016-09-27,605.71,2159.93
2016-09-28,605.04,2171.37
2016-09-29,605.99,2151.13
2016-09-30,608.99,2168.27
2016-10-03,612.99,2161.2
2016-10-04,610.34,2150.49
2016-10-05,613.16,2159.73
2016-10-06,611.88,2160.77
2016-10-07,617.98,2153.74
2016-10-10,618.72,2163.66
2016-10-11,642.12,2136.73
2016-10-12,635.79,2139.18
2016-10-13,635.66,2132.55
2016-10-14,638.03,2132.98
2016-10-17,639.56,2126.5
2016-10-18,635.11,2139.6
2016-10-19,629.79,2144.29
2016-10-20,628.05,2141.34
2016-10-21,630.83,2141.16
2016-10-24,649.98,2151.33
2016-10-25,654.3,2143.16
2016-10-26,674.0,2139.43
2016-10-27,691.21,2133.04
2016-10-28,689.95,2126.41
2016-10-31,696.9,2126.15
2016-11-01,730.7,2111.72
2016-11-02,744.6,2097.94
2016-11-03,690.0,2088.66
2016-11-04,706.32,2085.18
2016-11-07,706.42,2131.52
2016-11-08,711.15,2139.56
2016-11-09,720.97,2163.26
2016-11-10,712.91,2167.48
2016-11-11,716.9,2164.45
2016-11-14,708.32,2164.2
2016-11-15,712.29,2180.39
2016-11-16,739.85,2176.94
2016-11-17,730.71,2187.12
2016-11-18,748.54,2181.9
2016-11-21,736.4,2198.18
2016-11-22,746.66,2202.94
2016-11-23,741.52,2204.72
2016-11-24,737.99,2209.0352
2016-11-25,739.74,2213.35
2016-11-28,729.77,2201.72
2016-11-29,732.37,2204.66
2016-11-30,742.69,2198.81
2016-12-01,754.0,2191.08
2016-12-02,769.25,2191.95
2016-12-05,752.0,2204.71
2016-12-06,759.8,2212.23
2016-12-07,764.34,2241.35
2016-12-08,767.89,2246.19
2016-12-09,773.22,2259.53
2016-12-12,778.94,2256.96
2016-12-13,776.18,2271.72
2016-12-14,777.66,2253.28
2016-12-15,776.16,2262.03
2016-12-16,780.98,2258.07
2016-12-19,790.81,2262.53
2016-12-20,798.99,2270.76
2016-12-21,834.5,2265.18
2016-12-22,856.02,2260.96
2016-12-23,917.26,2263.79
2016-12-26,902.09,2267.6074
2016-12-27,925.2,2268.88
2016-12-28,982.17,2249.92
2016-12-29,970.72,2249.26
2016-12-30,960.81,2238.83
2017-01-02,1011.45,2253.08
2017-01-03,1020.67,2257.83
2017-01-04,1130.3,2270.75
2017-01-05,1007.0,2269.0
2017-01-06,895.71,2276.98
2017-01-09,902.66,2268.9
2017-01-10,907.0,2268.9
2017-01-11,795.77,2275.32
2017-01-12,812.25,2270.44
2017-01-13,831.42,2274.64
2017-01-16,834.41,2269.5774
2017-01-17,906.0,2267.89
2017-01-18,887.99,2271.89
2017-01-19,902.92,2263.69
2017-01-20,894.31,2271.31
2017-01-23,910.7,2265.2
2017-01-24,887.0,2280.07
2017-01-25,896.0,2298.37
2017-01-26,917.02,2296.68
2017-01-27,922.63,2294.69
2017-01-30,923.23,2280.9
2017-01-31,970.01,2278.87
2017-02-01,992.75,2279.55
2017-02-02,1008.38,2280.85
2017-02-03,1018.0,2297.42
2017-02-06,1022.58,2292.56
2017-02-07,1053.96,2293.08
2017-02-08,1056.7,2294.67
2017-02-09,994.24,2307.87
2017-02-10,1001.99,2316.1
2017-02-13,1002.82,2328.25
2017-02-14,1013.92,2337.58
2017-02-15,1014.53,2349.25
2017-02-16,1038.94,2347.22
2017-02-17,1057.3,2351.16
2017-02-20,1089.82,2361.825
2017-02-21,1128.29,2365.38
2017-02-22,1128.71,2362.82
2017-02-23,1186.9,2363.81
2017-02-24,1186.91,2367.34
2017-02-27,1195.81,2369.75
2017-02-28,1195.08,2363.64
2017-03-01,1230.0,2395.96
2017-03-02,1269.17,2381.92
2017-03-03,1292.86,2383.12
2017-03-06,1284.99,2375.31
2017-03-07,1237.36,2368.39
2017-03-08,1150.22,2362.98
2017-03-09,1197.3,2364.87
2017-03-10,1109.01,2372.6
2017-03-13,1245.49,2373.47
2017-03-14,1247.42,2365.45
2017-03-15,1263.0,2385.26
2017-03-16,1175.11,2381.38
2017-03-17,1069.57,2378.25
2017-03-20,1044.96,2373.47
2017-03-21,1114.42,2344.02
2017-03-22,1034.57,2348.45
2017-03-23,1025.14,2345.96
2017-03-24,934.87,2343.98
2017-03-27,1042.08,2341.59
2017-03-28,1045.4,2358.57
2017-03-29,1043.27,2361.13
2017-03-30,1042.34,2368.06
2017-03-31,1088.99,2362.72
2017-04-03,1152.6,2358.84
2017-04-04,1143.99,2360.16
2017-04-05,1132.99,2352.95
2017-04-06,1192.3,2357.49
2017-04-07,1194.0,2355.54
2017-04-10,1210.0,2357.16
2017-04-11,1223.99,2353.78
2017-04-12,1214.17,2344.93
2017-04-13,1177.05,2328.95
2017-04-14,1173.74,2333.9648
2017-04-17,1189.91,2349.01
2017-04-18,1201.94,2342.19
2017-04-19,1214.21,2338.17
2017-04-20,1236.15,2355.84
2017-04-21,1249.99,2348.69
2017-04-24,1257.29,2374.15
2017-04-25,1281.16,2388.61
2017-04-26,1298.44,2387.45
2017-04-27,1349.26,2388.77
2017-04-28,1353.34,2384.2
2017-05-01,1436.5,2388.33
2017-05-02,1471.99,2391.17
2017-05-03,1533.0,2388.13
2017-05-04,1563.39,2389.52
2017-05-05,1551.3,2399.29
2017-05-08,1713.0,2399.38
2017-05-09,1720.43,2396.92
2017-05-10,1794.99,2399.63
2017-05-11,1837.93,2394.44
2017-05-12,1695.61,2390.9
2017-05-15,1747.81,2402.32
2017-05-16,1777.48,2400.67
2017-05-17,1813.23,2357.03
2017-05-18,1899.16,2365.72
2017-05-19,1976.23,2381.73
2017-05-22,2123.29,2394.02
2017-05-23,2272.75,2398.42
2017-05-24,2432.97,2404.39
2017-05-25,2355.0,2415.07
2017-05-26,2272.7,2415.82
2017-05-29,2279.48,2413.6375
2017-05-30,2191.58,2412.91
2017-05-31,2303.29,2411.8
2017-06-01,2419.99,2430.06
2017-06-02,2478.99,2439.07
2017-06-05,2698.0,2436.1
2017-06-06,2871.29,2429.33
2017-06-07,2685.64,2433.14
2017-06-08,2799.73,2433.79
2017-06-09,2811.39,2431.77
2017-06-12,2655.71,2429.39
2017-06-13,2709.01,2440.35
2017-06-14,2432.21,2437.92
2017-06-15,2409.98,2432.46
2017-06-16,2480.43,2433.15
2017-06-19,2596.98,2453.46
2017-06-20,2725.08,2437.03
2017-06-21,2643.35,2435.61
2017-06-22,2679.99,2434.5
2017-06-23,2690.76,2438.3
2017-06-26,2407.91,2439.07
2017-06-27,2575.75,2419.38
2017-06-28,2553.12,2440.69
2017-06-29,2530.0,2419.7
2017-06-30,2455.19,2423.41
2017-07-03,2542.41,2429.01
2017-07-04,2602.0,2430.775
2017-07-05,2616.96,2432.54
2017-07-06,2604.84,2409.75
2017-07-07,2501.15,2425.18
2017-07-10,2331.05,2427.43
2017-07-11,2310.01,2425.53
2017-07-12,2383.42,2443.25
2017-07-13,2340.0,2447.83
2017-07-14,2217.24,2459.27
2017-07-17,2235.19,2459.14
2017-07-18,2308.15,2460.61
2017-07-19,2258.99,2473.83
2017-07-20,2873.48,2473.45
2017-07-21,2657.45,2472.54
2017-07-24,2762.26,2469.91
2017-07-25,2564.0,2477.13
2017-07-26,2525.99,2477.83
2017-07-27,2664.99,2475.42
2017-07-28,2786.07,2472.1
2017-07-31,2856.88,2470.3
2017-08-01,2732.59,2476.35
2017-08-02,2699.9,2477.57
2017-08-03,2787.02,2472.16
2017-08-04,2857.34,2476.83
2017-08-07,3398.23,2480.91
2017-08-08,3422.43,2474.92
2017-08-09,3342.8,2474.02
2017-08-10,3444.98,2438.21
2017-08-11,3656.15,2441.32
2017-08-14,4320.6,2465.84
2017-08-15,4159.93,2464.61
2017-08-16,4370.01,2468.11
2017-08-17,4280.01,2430.01
2017-08-18,4101.72,2425.55
2017-08-21,4002.0,2428.37
2017-08-22,4092.0,2452.51
2017-08-23,4143.49,2444.04
2017-08-24,4312.03,2438.97
2017-08-25,4360.0,2443.05
2017-08-28,4384.99,2444.24
2017-08-29,4599.0,2446.3
2017-08-30,4581.98,2457.59
2017-08-31,4743.94,2471.65
2017-09-01,4947.99,2476.55
2017-09-04,4498.25,2462.5251
2017-09-05,4432.51,2457.85
2017-09-06,4616.18,2465.54
2017-09-07,4624.18,2465.1
2017-09-08,4350.0,2461.43
2017-09-11,4210.72,2488.11
2017-09-12,4164.52,2496.48
2017-09-13,3855.32,2498.37
2017-09-14,3250.4,2495.62
2017-09-15,3740.02,2500.23
2017-09-18,4100.0,2503.87
2017-09-19,3910.11,2506.65
2017-09-20,3872.06,2508.24
2017-09-21,3617.47,2500.6
2017-09-22,3619.01,2502.22
2017-09-25,3919.78,2496.66
2017-09-26,3885.09,2496.84
2017-09-27,4200.0,2507.04
2017-09-28,4189.42,2510.06
2017-09-29,4156.99,2519.36
2017-10-02,4392.71,2529.12
2017-10-03,4307.99,2534.58
2017-10-04,4214.84,2537.74
2017-10-05,4320.04,2552.07
2017-10-06,4362.99,2549.33
2017-10-09,4769.55,2544.73
2017-10-10,4750.0,2550.64
2017-10-11,4814.99,2555.24
2017-10-12,5440.0,2550.93
2017-10-13,5624.8,2553.17
2017-10-16,5754.9,2557.64
2017-10-17,5594.0,2559.36
2017-10-18,5574.44,2561.26
2017-10-19,5704.01,2562.1
2017-10-20,5989.1,2575.21
2017-10-23,5905.99,2564.98
2017-10-24,5525.43,2569.13
2017-10-25,5739.97,2557.15
2017-10-26,5891.61,2560.4
2017-10-27,5780.0,2581.07
2017-10-30,6124.16,2572.83
2017-10-31,6445.01,2575.26
2017-11-01,6783.69,2579.36
2017-11-02,7039.98,2579.85
2017-11-03,7170.01,2587.84
2017-11-06,6969.76,2591.13
2017-11-07,7126.63,2590.64
2017-11-08,7467.96,2594.38
2017-11-09,7156.0,2584.62
2017-11-10,6577.62,2582.3
2017-11-13,6535.87,2584.84
2017-11-14,6605.0,2578.87
2017-11-15,7294.0,2564.62
2017-11-16,7838.53,2585.64
2017-11-17,7714.71,2578.85
2017-11-20,8256.01,2582.14
2017-11-21,8109.0,2599.03
2017-11-22,8250.0,2597.08
2017-11-23,8031.16,2599.75
2017-11-24,8215.01,2602.42
2017-11-27,9768.71,2601.42
2017-11-28,9949.0,2627.04
2017-11-29,9935.98,2626.07
2017-11-30,9903.0,2647.58
2017-12-01,10869.84,2642.22
2017-12-04,11643.98,2639.44
2017-12-05,11718.35,2629.57
2017-12-06,14090.0,2629.27
2017-12-07,17390.01,2636.98
2017-12-08,16367.03,2651.5
2017-12-11,16885.76,2659.99
2017-12-12,17730.12,2664.11
2017-12-13,16689.61,2662.85
2017-12-14,16749.78,2652.01
2017-12-15,17738.67,2675.81
2017-12-18,19039.01,2690.16
2017-12-19,17838.73,2681.47
2017-12-20,16496.89,2679.25
2017-12-21,15758.8,2684.57
2017-12-22,14210.57,2683.34
2017-12-25,14171.98,2681.21
2017-12-26,15790.88,2680.5
2017-12-27,15367.08,2682.62
2017-12-28,14450.01,2687.54
2017-12-29,14565.05,2673.61
2018-01-01,13480.01,2690.26
2018-01-02,14781.51,2695.81
2018-01-03,15098.14,2713.06
2018-01-04,15144.99,2723.99
2018-01-05,16960.01,2743.15
2018-01-08,14993.74,2747.71
2018-01-09,14480.99,2751.29
2018-01-10,14875.18,2748.23
2018-01-11,13308.06,2767.56
2018-01-12,13820.0,2786.24
2018-01-15,13590.0,2778.875
2018-01-16,11570.01,2776.42
2018-01-17,11200.01,2802.56
2018-01-18,11305.53,2798.03
2018-01-19,11498.99,2810.3
2018-01-22,10766.7,2832.97
2018-01-23,10824.94,2839.13
2018-01-24,11356.79,2837.54
2018-01-25,11118.0,2839.25
2018-01-26,11086.89,2872.87
2018-01-29,11123.01,2853.53
2018-01-30,9995.0,2822.43
2018-01-31,10099.99,2823.81
2018-02-01,9014.23,2821.98
2018-02-02,8787.52,2762.13
2018-02-05,6905.19,2648.94
2018-02-06,7688.46,2695.14
2018-02-07,7575.75,2681.66
2018-02-08,8218.1,2581.0
2018-02-09,8671.01,2619.55
2018-02-12,8872.28,2656.0
2018-02-13,8520.01,2662.94
2018-02-14,9472.98,2698.63
2018-02-15,10031.23,2731.2
2018-02-16,10167.49,2732.22
2018-02-19,11140.0,2720.25
2018-02-20,11235.57,2716.26
2018-02-21,10454.27,2701.33
2018-02-22,9830.0,2703.96
2018-02-23,10144.99,2747.3
2018-02-26,10300.0,2779.6
2018-02-27,10566.57,2744.28
2018-02-28,10307.27,2713.83
2018-03-01,10895.92,2677.67
2018-03-02,11000.0,2691.25
2018-03-05,11377.54,2720.94
2018-03-06,10700.0,2728.12
2018-03-07,9920.0,2726.8
2018-03-08,9304.9,2738.97
2018-03-09,9255.0,2786.57
2018-03-12,9120.0,2783.02
2018-03-13,9145.41,2765.31
2018-03-14,8207.03,2749.48
2018-03-15,8259.99,2747.33
2018-03-16,8275.0,2752.01
2018-03-19,8589.0,2712.92
2018-03-20,8900.0,2716.94
2018-03-21,8891.81,2711.93
2018-03-22,8715.09,2643.69
2018-03-23,8927.1,2588.26
2018-03-26,8145.0,2658.55
2018-03-27,7793.61,2612.62
2018-03-28,7942.72,2605.0
2018-03-29,7079.99,2640.87
2018-03-30,6848.01,2626.1226
2018-04-02,7045.01,2581.88
2018-04-03,7424.9,2614.45
2018-04-04,6791.68,2644.69
2018-04-05,6785.85,2662.84
2018-04-06,6619.01,2604.47
2018-04-09,6771.13,2613.16
2018-04-10,6824.99,2656.87
2018-04-11,6942.99,2642.19
2018-04-12,7916.0,2663.99
2018-04-13,7893.19,2656.3
2018-04-16,8048.93,2677.84
2018-04-17,7892.1,2706.39
2018-04-18,8152.05,2708.64
2018-04-19,8274.0,2693.13
2018-04-20,8866.27,2670.14
2018-04-23,8931.3,2670.29
2018-04-24,9650.0,2634.56
2018-04-25,8865.98,2639.4
2018-04-26,9272.11,2666.94
2018-04-27,8922.55,2669.91
2018-04-30,9243.82,2648.05
2018-05-01,9072.29,2654.8
2018-05-02,9190.48,2635.67
2018-05-03,9725.74,2629.73
2018-05-04,9685.0,2663.42
2018-05-07,9356.25,2672.63
2018-05-08,9177.81,2671.92
2018-05-09,9300.08,2697.79
2018-05-10,9010.51,2723.07
2018-05-11,8403.33,2727.72
2018-05-14,8670.0,2730.13
2018-05-15,8477.46,2711.45
2018-05-16,8344.0,2722.46
2018-05-17,8059.0,2720.13
2018-05-18,8238.51,2712.97
2018-05-21,8393.44,2733.01
2018-05-22,7987.7,2724.44
2018-05-23,7505.0,2733.29
2018-05-24,7584.15,2727.76
2018-05-25,7459.11,2721.33
2018-05-28,7107.94,2697.7275
2018-05-29,7460.0,2689.86
2018-05-30,7380.01,2724.01
2018-05-31,7485.0,2705.27
2018-06-01,7514.32,2734.62
2018-06-04,7487.37,2746.87
2018-06-05,7612.51,2748.8
2018-06-06,7655.0,2772.35
2018-06-07,7684.93,2770.37
2018-06-08,7618.83,2779.03
2018-06-11,6881.0,2782.0
2018-06-12,6544.99,2786.85
2018-06-13,6302.32,2775.63
2018-06-14,6638.49,2782.49
2018-06-15,6391.22,2779.66
2018-06-18,6709.02,2773.75
2018-06-19,6736.41,2762.59
2018-06-20,6756.1,2767.32
2018-06-21,6719.01,2749.76
2018-06-22,6059.82,2754.88
2018-06-25,6246.01,2717.07
2018-06-26,6074.0,2723.06
2018-06-27,6132.17,2699.63
2018-06-28,5851.66,2716.31
2018-06-29,6202.36,2718.37
2018-07-02,6611.79,2726.71
2018-07-03,6502.62,2713.22
2018-07-04,6587.47,2724.915
2018-07-05,6532.95,2736.61
2018-07-06,6600.0,2759.82
2018-07-09,6664.01,2784.17
2018-07-10,6303.7,2793.84
2018-07-11,6390.04,2774.02
2018-07-12,6249.75,2798.29
2018-07-13,6216.29,2801.31
2018-07-16,6728.81,2798.43
2018-07-17,7315.01,2809.55
2018-07-18,7378.99,2815.62
2018-07-19,7470.01,2804.49
2018-07-20,7334.46,2801.83
2018-07-23,7720.09,2806.98
2018-07-24,8385.5,2820.4
2018-07-25,8157.15,2846.07
2018-07-26,7931.99,2837.44
2018-07-27,8184.21,2818.82
2018-07-30,8170.01,2802.6
2018-07-31,7727.27,2816.29
2018-08-01,7603.99,2813.36
2018-08-02,7533.92,2827.22
2018-08-03,7414.08,2840.35
2018-08-06,6938.0,2850.4
2018-08-07,6718.22,2858.45
2018-08-08,6282.5,2857.7
2018-08-09,6546.45,2853.58
2018-08-10,6146.01,2833.28
2018-08-13,6253.67,2821.93
2018-08-14,6195.01,2839.96
2018-08-15,6269.01,2818.37
2018-08-16,6315.9,2840.69
2018-08-17,6585.49,2850.13
2018-08-20,6258.74,2857.05
2018-08-21,6475.89,2862.96
2018-08-22,6359.99,2861.82
2018-08-23,6526.36,2856.98
2018-08-24,6690.88,2874.69
2018-08-27,6911.9,2896.74
2018-08-28,7071.01,2897.52
2018-08-29,7030.9,2914.04
2018-08-30,6983.0,2901.13
2018-08-31,7015.01,2901.52
2018-09-03,7256.98,2897.92
2018-09-04,7360.0,2896.72
2018-09-05,6687.96,2888.6
2018-09-06,6495.0,2878.05
2018-09-07,6395.01,2871.68
2018-09-10,6300.0,2877.13
2018-09-11,6282.53,2887.89
2018-09-12,6326.0,2888.92
2018-09-13,6485.99,2904.18
2018-09-14,6478.04,2904.98
2018-09-17,6250.7,2888.8
2018-09-18,6335.7,2904.31
2018-09-19,6386.94,2907.95
2018-09-20,6493.11,2930.75
2018-09-21,6750.0,2929.67
2018-09-24,6582.09,2919.37
2018-09-25,6436.89,2915.56
2018-09-26,6455.66,2905.97
2018-09-27,6680.01,2914.0
2018-09-28,6620.01,2913.98
2018-10-01,6572.83,2924.59
2018-10-02,6498.46,2923.43
2018-10-03,6466.03,2925.51
2018-10-04,6547.45,2901.61
2018-10-05,6593.94,2885.57
2018-10-08,6608.07,2884.43
2018-10-09,6589.48,2880.34
2018-10-10,6524.56,2785.68
2018-10-11,6154.69,2728.37
2018-10-12,6188.01,2767.13
2018-10-15,6440.42,2750.79
2018-10-16,6457.11,2809.92
2018-10-17,6443.7,2809.21
2018-10-18,6394.96,2768.78
2018-10-19,6382.99,2767.78
2018-10-22,6407.65,2755.88
2018-10-23,6395.14,2740.69
2018-10-24,6415.98,2656.1
2018-10-25,6395.58,2705.57
2018-10-26,6404.87,2658.69
2018-10-29,6266.0,2641.25
2018-10-30,6267.63,2682.63
2018-10-31,6304.18,2711.74
2018-11-01,6344.0,2740.37
2018-11-02,6349.8,2723.06
2018-11-05,6404.0,2738.31
2018-11-06,6448.5,2755.45
2018-11-07,6503.12,2813.89
2018-11-08,6406.24,2806.83
2018-11-09,6334.89,2781.01
2018-11-12,6327.87,2726.22
2018-11-13,6259.34,2722.18
2018-11-14,5605.46,2701.58
2018-11-15,5579.52,2730.2
2018-11-16,5512.24,2736.27
2018-11-19,4733.5,2690.73
2018-11-20,4349.23,2641.89
2018-11-21,4545.11,2649.93
2018-11-22,4265.36,2641.245
2018-11-23,4283.8,2632.56
2018-11-26,3731.32,2673.45
2018-11-27,3775.0,2682.17
2018-11-28,4225.03,2743.79
2018-11-29,4248.0,2737.76
2018-11-30,3976.0,2760.17
2018-12-03,3833.47,2790.37
2018-12-04,3901.84,2700.06
2018-12-05,3694.39,2698.005
2018-12-06,3433.26,2695.95
2018-12-07,3380.01,2633.08
2018-12-10,3410.15,2637.72
2018-12-11,3349.36,2636.78
2018-12-12,3430.24,2651.07
2018-12-13,3265.0,2650.54
2018-12-14,3195.71,2599.95
2018-12-17,3496.82,2545.94
2018-12-18,3667.77,2546.16
2018-12-19,3682.51,2506.96
2018-12-20,4075.34,2467.42
2018-12-21,3839.06,2416.62
2018-12-24,4034.0,2351.1
2018-12-25,3780.0,2409.4
2018-12-26,3809.88,2467.7
2018-12-27,3589.89,2488.83
2018-12-28,3888.06,2485.74
2018-12-31,3691.86,2506.85
2019-01-01,3826.1,2508.44
2019-01-02,3890.79,2510.03
2019-01-03,3787.57,2447.89
2019-01-04,3820.25,2531.94
2019-01-07,4006.01,2549.69
2019-01-08,3993.86,2574.41
2019-01-09,4004.12,2584.96
2019-01-10,3626.12,2596.64
2019-01-11,3635.69,2596.26
2019-01-14,3664.19,2582.61
2019-01-15,3580.76,2610.3
2019-01-16,3609.71,2616.1
2019-01-17,3640.65,2635.96
2019-01-18,3607.85,2670.71
2019-01-21,3531.76,2642.3525
2019-01-22,3577.03,2632.9
2019-01-23,3553.01,2638.7
2019-01-24,3568.97,2642.33
2019-01-25,3562.17,2664.76
2019-01-28,3429.95,2643.85
2019-01-29,3397.42,2640.0
2019-01-30,3437.55,2681.05
2019-01-31,3411.5,2704.1
2019-02-01,3437.5,2706.53
2019-02-04,3409.57,2724.87
2019-02-05,3428.4,2737.7
2019-02-06,3367.36,2731.61
2019-02-07,3359.0,2706.05
2019-02-08,3621.99,2707.88
2019-02-11,3590.36,2709.8
2019-02-12,3588.06,2744.73
2019-02-13,3576.68,2753.03
2019-02-14,3561.5,2745.73
2019-02-15,3566.59,2775.6
2019-02-18,3867.0,2778.72
2019-02-19,3888.01,2779.76
2019-02-20,3938.99,2784.7
2019-02-21,3897.71,2774.88
2019-02-22,3942.02,2792.67
2019-02-25,3818.79,2796.11
2019-02-26,3799.48,2793.9
2019-02-27,3799.91,2792.38
2019-02-28,3792.14,2784.49
2019-03-01,3806.17,2803.69
2019-03-04,3700.72,2792.81
2019-03-05,3844.59,2789.65
2019-03-06,3851.89,2771.45
2019-03-07,3857.05,2748.93
2019-03-08,3843.12,2743.07
2019-03-11,3849.68,2783.3
2019-03-12,3860.0,2791.52
2019-03-13,3851.02,2810.92
2019-03-14,3853.95,2808.48
2019-03-15,3902.8,2822.48
2019-03-18,3970.5,2832.94
2019-03-19,4000.85,2832.57
2019-03-20,4031.85,2824.23
2019-03-21,3972.76,2854.88
2019-03-22,3983.78,2800.71
2019-03-25,3907.53,2798.36
2019-03-26,3921.45,2818.46
2019-03-27,4026.53,2805.37
2019-03-28,4011.17,2815.44
2019-03-29,4091.01,2834.4
2019-04-01,4137.0,2867.19
2019-04-02,4901.93,2867.24
2019-04-03,4975.97,2873.4
2019-04-04,4906.49,2879.39
2019-04-05,5040.66,2892.74
2019-04-08,5285.54,2895.77
2019-04-09,5187.21,2878.2
2019-04-10,5318.58,2888.21
2019-04-11,5041.3,2888.32
2019-04-12,5078.19,2907.41
2019-04-15,5029.99,2905.58
2019-04-16,5202.9,2907.06
2019-04-17,5227.0,2900.45
2019-04-18,5280.49,2905.03
2019-04-19,5290.36,2905.7651
2019-04-22,5387.6,2907.97
2019-04-23,5532.75,2933.68
2019-04-24,5441.9,2927.25
2019-04-25,5134.81,2926.17
2019-04-26,5159.51,2939.88
2019-04-29,5148.25,2943.03
2019-04-30,5270.69,2945.83
2019-05-01,5321.15,2923.73
2019-05-02,5390.01,2917.52
2019-05-03,5657.4,2945.64
2019-05-06,5687.9,2932.47
2019-05-07,5748.45,2884.05
2019-05-08,5948.41,2879.42
2019-05-09,6153.09,2870.72
2019-05-10,6343.14,2881.4
2019-05-13,7824.93,2811.87
2019-05-14,7990.92,2834.41
2019-05-15,8203.32,2850.96
2019-05-16,7878.96,2876.32
2019-05-17,7363.69,2859.53
2019-05-20,7999.54,2840.23
2019-05-21,7951.7,2864.36
2019-05-22,7626.48,2856.27
2019-05-23,7881.98,2822.24
2019-05-24,7994.88,2826.06
2019-05-27,8783.25,2808.3074
2019-05-28,8686.5,2802.39
2019-05-29,8660.5,2783.02
2019-05-30,8273.57,2788.86
2019-05-31,8550.18,2752.06
2019-06-03,8015.01,2744.45
2019-06-04,7688.26,2803.27
2019-06-05,7766.91,2826.15
2019-06-06,7812.15,2843.49
2019-06-07,7992.17,2873.34
2019-06-10,8046.13,2886.73
2019-06-11,7918.2,2885.72
2019-06-12,8169.01,2879.84
2019-06-13,8256.0,2891.64
2019-06-14,8693.98,2886.98
2019-06-17,9346.47,2889.67
2019-06-18,9089.99,2917.75
2019-06-19,9283.99,2926.46
2019-06-20,9542.6,2954.18
2019-06-21,10175.88,2950.46
2019-06-24,11040.03,2945.35
2019-06-25,11736.99,2917.38
2019-06-26,12902.52,2913.78
2019-06-27,11127.4,2924.92
2019-06-28,12317.73,2941.76
2019-07-01,10570.62,2964.33
2019-07-02,10885.01,2973.01
2019-07-03,12022.61,2995.82
2019-07-04,11130.95,2993.115
2019-07-05,11038.61,2990.41
2019-07-08,12298.31,2975.95
2019-07-09,12559.46,2979.63
2019-07-10,12083.13,2993.07
2019-07-11,11323.95,2999.91
2019-07-12,11811.99,3013.77
2019-07-15,10855.56,3014.3
2019-07-16,9436.0,3004.04
2019-07-17,9708.55,2984.42
2019-07-18,10654.25,2995.11
2019-07-19,10548.04,2976.61
2019-07-22,10304.64,2985.03
2019-07-23,9833.19,3005.47
2019-07-24,9751.24,3019.56
2019-07-25,9880.67,3003.67
2019-07-26,9841.96,3025.86
2019-07-29,9503.32,3020.97
2019-07-30,9580.0,3013.18
2019-07-31,10099.0,2980.38
2019-08-01,10417.24,2953.56
2019-08-02,10533.07,2932.05
2019-08-05,11775.14,2844.74
2019-08-06,11440.08,2881.77
2019-08-07,12014.41,2883.98
2019-08-08,12017.89,2938.09
2019-08-09,11889.0,2918.65
2019-08-12,11387.38,2883.75
2019-08-13,10855.58,2926.32
2019-08-14,10105.34,2840.6
2019-08-15,10280.96,2847.6
2019-08-16,10368.83,2888.68
2019-08-19,10935.67,2923.65
2019-08-20,10770.99,2900.51
2019-08-21,10137.75,2924.43
2019-08-22,10088.89,2922.95
2019-08-23,10415.01,2847.11
2019-08-26,10373.75,2878.38
2019-08-27,10170.16,2869.16
2019-08-28,9710.38,2887.94
2019-08-29,9525.0,2924.58
2019-08-30,9580.6,2926.46
2019-09-02,10405.05,2911.3174
2019-09-03,10628.46,2906.27
2019-09-04,10585.67,2937.78
2019-09-05,10574.27,2976.0
2019-09-06,10318.8,2978.71
2019-09-09,10310.01,2978.43
2019-09-10,10090.01,2979.39
2019-09-11,10169.49,3000.93
2019-09-12,10437.19,3009.57
2019-09-13,10381.91,3007.39
2019-09-16,10268.77,2997.96
2019-09-17,10185.14,3005.7
2019-09-18,10155.26,3006.73
2019-09-19,10304.94,3006.79
2019-09-20,10168.44,2992.07
2019-09-23,9683.89,2991.78
2019-09-24,8556.43,2966.6
2019-09-25,8446.57,2984.87
2019-09-26,8063.0,2977.62
2019-09-27,8193.98,2961.79
2019-09-30,8305.14,2976.74
2019-10-01,8323.43,2940.25
2019-10-02,8396.0,2887.61
2019-10-03,8241.25,2910.63
2019-10-04,8159.71,2952.01
2019-10-07,8224.82,2938.79
2019-10-08,8186.73,2893.06
2019-10-09,8600.0,2919.4
2019-10-10,8589.01,2938.13
2019-10-11,8263.64,2970.27
2019-10-14,8363.0,2966.15
2019-10-15,8156.52,2995.68
2019-10-16,7993.0,2989.69
2019-10-17,8077.0,2997.95
2019-10-18,7954.16,2986.2
2019-10-21,8214.58,3006.72
2019-10-22,8008.04,2995.99
2019-10-23,7473.42,3004.52
2019-10-24,7439.29,3010.29
2019-10-25,8704.85,3022.55
2019-10-28,9221.96,3039.42
2019-10-29,9431.27,3036.89
2019-10-30,9175.77,3046.77
2019-10-31,9146.75,3037.56
2019-11-01,9268.0,3066.91
2019-11-04,9414.0,3078.27
2019-11-05,9314.99,3074.62
2019-11-06,9343.11,3076.78
2019-11-07,9196.71,3085.18
2019-11-08,8758.69,3093.08
2019-11-11,8720.61,3087.01
2019-11-12,8823.65,3091.84
2019-11-13,8765.61,3094.04
2019-11-14,8630.01,3096.63
2019-11-15,8460.0,3120.46
2019-11-18,8160.73,3122.03
2019-11-19,8123.36,3120.18
2019-11-20,8082.96,3108.46
2019-11-21,7618.76,3103.54
2019-11-22,7296.45,3110.29
2019-11-25,7125.0,3133.64
2019-11-26,7155.0,3140.52
2019-11-27,7539.4,3153.63
2019-11-28,7413.05,3147.305
2019-11-29,7751.29,3140.98
2019-12-02,7315.09,3113.87
2019-12-03,7296.0,3093.2
2019-12-04,7185.57,3112.76
2019-12-05,7388.75,3117.43
2019-12-06,7560.76,3145.91
2019-12-09,7332.69,3135.96
2019-12-10,7215.69,3132.52
2019-12-11,7275.17,3141.63
2019-12-12,7194.19,3168.57
2019-12-13,7249.25,3168.8
2019-12-16,6877.04,3191.45
2019-12-17,6618.62,3192.52
2019-12-18,7309.12,3191.14
2019-12-19,7153.99,3205.37
2019-12-20,7189.87,3221.22
2019-12-23,7318.18,3224.01
2019-12-24,7259.87,3223.38
2019-12-25,7194.76,3231.645
2019-12-26,7195.0,3239.91
2019-12-27,7247.35,3240.02
2019-12-30,7191.0,3221.29
2019-12-31,7158.01,3230.78
2020-01-01,7174.32,3244.315
2020-01-02,6945.01,3257.85
2020-01-03,7335.54,3234.85
2020-01-06,7773.48,3246.28
2020-01-07,8169.95,3237.18
2020-01-08,8035.08,3253.05
2020-01-09,7813.78,3274.7
2020-01-10,8183.89,3265.35
2020-01-13,8109.62,3288.13
2020-01-14,8757.18,3283.15
2020-01-15,8831.86,3289.29
2020-01-16,8727.22,3316.81
2020-01-17,8875.81,3329.62
2020-01-20,8633.67,3322.9976
2020-01-21,8730.0,3320.79
2020-01-22,8665.0,3321.75
2020-01-23,8386.63,3325.54
2020-01-24,8424.96,3295.47
2020-01-27,8903.24,3243.63
2020-01-28,9417.64,3276.24
2020-01-29,9270.0,3273.4
2020-01-30,9493.61,3283.66
2020-01-31,9343.28,3225.52
2020-02-03,9282.29,3248.92
2020-02-04,9158.57,3297.59
2020-02-05,9623.44,3334.69
2020-02-06,9765.96,3345.78
2020-02-07,9804.98,3327.71
2020-02-10,9854.5,3352.09
2020-02-11,10279.99,3357.75
2020-02-12,10344.01,3379.45
2020-02-13,10239.57,3373.94
2020-02-14,10380.0,3380.16
2020-02-17,9711.95,3372.7576
2020-02-18,10191.51,3370.29
2020-02-19,9591.54,3386.15
2020-02-20,9610.05,3373.23
2020-02-21,9697.01,3337.75
2020-02-24,9668.08,3225.89
2020-02-25,9301.01,3128.21
2020-02-26,8776.01,3116.39
2020-02-27,8816.71,2978.76
2020-02-28,8713.16,2954.22
2020-03-02,8923.52,3090.23
2020-03-03,8769.67,3003.37
2020-03-04,8765.0,3130.12
2020-03-05,9053.56,3023.94
2020-03-06,9162.98,2972.37
2020-03-09,7945.03,2746.56
2020-03-10,7887.01,2882.23
2020-03-11,7957.02,2741.38
2020-03-12,4980.0,2480.64
2020-03-13,5592.77,2711.02
2020-03-16,5074.2,2386.13
2020-03-17,5361.77,2529.19
2020-03-18,5426.71,2398.1
2020-03-19,6219.99,2409.39
2020-03-20,6215.4,2304.92
2020-03-23,6583.38,2237.4
2020-03-24,6742.21,2447.33
2020-03-25,6752.83,2475.56
2020-03-26,6772.2,2630.07
2020-03-27,6320.46,2541.47
2020-03-30,6401.26,2626.65
2020-03-31,6434.73,2584.59
2020-04-01,6719.39,2470.5
2020-04-02,6789.84,2526.9
2020-04-03,6727.99,2488.65
2020-04-06,7320.07,2663.68
2020-04-07,7204.58,2659.41
2020-04-08,7343.65,2749.98
2020-04-09,7294.69,2789.82
2020-04-10,6892.54,2782.7725
2020-04-13,6871.0,2761.63
2020-04-14,6865.72,2846.06
2020-04-15,6576.76,2783.36
2020-04-16,7123.29,2799.55
2020-04-17,7055.22,2874.56
2020-04-20,6832.57,2823.16
2020-04-21,6845.0,2736.56
2020-04-22,7143.99,2799.31
2020-04-23,7479.06,2797.8
2020-04-24,7514.64,2836.74
2020-04-27,7773.0,2878.48
2020-04-28,7774.39,2863.39
2020-04-29,8789.1,2939.51
2020-04-30,8652.3,2912.43
2020-05-01,8813.9,2830.71
2020-05-04,8900.29,2842.74
2020-05-05,9037.69,2868.44
2020-05-06,9132.24,2848.42
2020-05-07,10007.56,2881.19
2020-05-08,9790.23,2929.8
2020-05-11,8557.37,2930.32
2020-05-12,8809.14,2870.12
2020-05-13,9335.84,2820.0
2020-05-14,9815.22,2852.5
2020-05-15,9331.18,2863.7
2020-05-18,9733.21,2953.91
2020-05-19,9783.91,2922.94
2020-05-20,9497.76,2971.61
2020-05-21,9039.12,2948.51
2020-05-22,9173.23,2955.45
2020-05-25,8892.39,2982.69
2020-05-26,8836.77,2991.77
2020-05-27,9200.0,3036.13
2020-05-28,9593.72,3029.73
2020-05-29,9426.87,3044.31
2020-06-01,10212.38,3055.73
2020-06-02,9509.35,3080.82
2020-06-03,9672.67,3122.87
2020-06-04,9799.57,3112.35
2020-06-05,9568.95,3193.93
2020-06-08,9833.94,3232.39
2020-06-09,9778.6,3207.18
2020-06-10,9899.18,3190.14
2020-06-11,9258.7,3002.1
2020-06-12,9466.77,3041.31
2020-06-15,9437.23,3066.59
2020-06-16,9534.8,3124.74
2020-06-17,9460.53,3113.49
2020-06-18,9368.15,3115.34
2020-06-19,9285.54,3097.74
2020-06-22,9700.91,3117.86
2020-06-23,9623.74,3131.29
2020-06-24,9284.1,3050.33
2020-06-25,9232.84,3083.76
2020-06-26,9157.22,3009.05
2020-06-29,9191.05,3053.24
2020-06-30,9129.47,3100.29
2020-07-01,9239.09,3115.86
2020-07-02,9088.54,3130.01
2020-07-03,9050.05,3142.4375
2020-07-06,9331.69,3179.72
2020-07-07,9263.56,3145.32
2020-07-08,9436.01,3169.94
2020-07-09,9230.48,3152.05
2020-07-10,9298.16,3185.04
2020-07-13,9230.14,3155.22
2020-07-14,9258.34,3197.52
2020-07-15,9194.51,3226.56
2020-07-16,9130.91,3215.57
2020-07-17,9147.65,3224.73
2020-07-20,9161.13,3251.84
2020-07-21,9396.65,3257.3
2020-07-22,9546.31,3276.02
2020-07-23,9612.05,3235.66
2020-07-24,9553.41,3215.63
2020-07-27,11108.44,3239.41
2020-07-28,10952.85,3218.44
2020-07-29,11100.39,3258.44
2020-07-30,11139.67,3246.22
2020-07-31,11372.76,3271.12
2020-08-03,11235.44,3294.61
2020-08-04,11198.04,3306.51
2020-08-05,11737.59,3327.77
2020-08-06,11766.62,3349.16
2020-08-07,11598.96,3351.28
2020-08-10,11896.19,3360.47
2020-08-11,11387.01,3333.69
2020-08-12,11563.16,3380.35
2020-08-13,11824.99,3373.43
2020-08-14,11785.29,3372.85
2020-08-17,12325.1,3381.99
2020-08-18,11983.52,3389.78
2020-08-19,11764.8,3374.85
2020-08-20,11856.24,3385.51
2020-08-21,11526.32,3397.16
2020-08-24,11762.34,3431.28
2020-08-25,11324.86,3443.62
2020-08-26,11460.01,3478.73
2020-08-27,11341.73,3484.55
2020-08-28,11540.0,3508.01
2020-08-31,11665.93,3500.31
2020-09-01,11911.74,3526.65
2020-09-02,11390.12,3580.84
2020-09-03,10225.82,3455.06
2020-09-04,10266.828,3426.96
2020-09-07,10389.85,3355.62
2020-09-08,10123.21,3331.84
2020-09-09,10235.0,3398.96
2020-09-10,10345.95,3339.19
2020-09-11,10399.99,3340.97
2020-09-14,10679.33,3383.54
2020-09-15,10789.8,3401.2
2020-09-16,10953.38,3385.49
2020-09-17,10947.83,3357.01
2020-09-18,10942.2,3319.47
2020-09-21,10425.85,3281.06
2020-09-22,10529.01,3315.57
2020-09-23,10230.11,3236.92
2020-09-24,10741.0,3246.59
2020-09-25,10693.3,3298.46
2020-09-28,10681.01,3351.6
2020-09-29,10845.9,3335.47
2020-09-30,10783.24,3363.0
2020-10-01,10598.64,3380.8
2020-10-02,10577.92,3348.44
2020-10-05,10800.0,3408.63
2020-10-06,10594.15,3360.95
2020-10-07,10671.23,3419.45
2020-10-08,10926.71,3446.83
2020-10-09,11059.3,3477.13
2020-10-12,11534.83,3534.22
2020-10-13,11434.36,3511.93
2020-10-14,11426.87,3488.67
2020-10-15,11509.25,3483.34
2020-10-16,11329.33,3483.81
2020-10-19,11765.09,3426.92
2020-10-20,11917.34,3443.12
2020-10-21,12836.37,3435.56
2020-10-22,12977.02,3453.49
2020-10-23,12943.03,3465.39
2020-10-26,13072.95,3400.97
2020-10-27,13698.18,3390.68
2020-10-28,13280.0,3271.03
2020-10-29,13460.0,3310.11
2020-10-30,13582.97,3269.96
2020-11-02,13573.93,3310.24
2020-11-03,14050.59,3369.16
2020-11-04,14160.0,3443.44
2020-11-05,15636.6,3510.45
2020-11-06,15596.33,3509.44
2020-11-09,15334.37,3550.5
2020-11-10,15325.25,3545.53
2020-11-11,15723.81,3572.66
2020-11-12,16319.72,3537.01
2020-11-13,16339.59,3585.15
2020-11-16,16714.58,3626.91
2020-11-17,17660.9,3609.53
2020-11-18,17802.82,3567.79
2020-11-19,17804.44,3581.87
2020-11-20,18702.87,3557.54
2020-11-23,18391.21,3577.59
2020-11-24,19185.07,3635.41
2020-11-25,18706.15,3629.65
2020-11-26,17173.0,3634.0
2020-11-27,17156.99,3638.35
2020-11-30,19727.0,3621.63
2020-12-01,18763.35,3662.45
2020-12-02,19245.61,3669.01
2020-12-03,19430.07,3666.72
2020-12-04,18692.32,3699.12
2020-12-07,19202.88,3691.96
2020-12-08,18311.76,3702.25
2020-12-09,18550.01,3672.82
2020-12-10,18286.8,3668.1
2020-12-11,18048.14,3663.46
2020-12-14,19288.43,3647.49
2020-12-15,19451.34,3694.62
2020-12-16,21384.63,3701.17
2020-12-17,22830.34,3722.48
2020-12-18,23169.26,3709.41
2020-12-21,22777.26,3694.92
2020-12-22,23839.99,3687.26
2020-12-23,23196.57,3690.01
2020-12-24,23740.01,3703.06
2020-12-25,24736.42,3711.135
2020-12-28,27044.14,3735.36
2020-12-29,27407.85,3727.04
2020-12-30,28934.56,3732.04
2020-12-31,29026.97,3756.07
2021-01-01,29391.09,3742.215
2021-01-04,32127.31,3700.65
2021-01-05,34131.23,3726.86
2021-01-06,36979.81,3748.14
2021-01-07,39573.39,3803.79
2021-01-08,40666.72,3824.68
2021-01-11,35474.31,3799.61
2021-01-12,33968.43,3801.19
2021-01-13,37520.66,3809.84
2021-01-14,39171.12,3795.54
2021-01-15,36868.39,3768.25
2021-01-18,36765.97,3791.2449
2021-01-19,35673.03,3798.91
2021-01-20,35570.44,3851.85
2021-01-21,30647.26,3853.07
2021-01-22,32885.51,3841.47
2021-01-25,31979.0,3855.36
2021-01-26,32579.82,3849.62
2021-01-27,30552.06,3750.77
2021-01-28,33484.8,3787.38
2021-01-29,34330.14,3714.24
2021-02-01,33457.6,3773.86
2021-02-02,35511.07,3826.31
2021-02-03,37769.41,3830.17
2021-02-04,37070.87,3871.74
2021-02-05,38376.86,3886.83
2021-02-08,46674.44,3915.59
2021-02-09,46595.44,3911.23
2021-02-10,44887.29,3909.88
2021-02-11,48121.0,3916.38
2021-02-12,47524.18,3934.83
2021-02-15,47911.87,3933.1501
2021-02-16,49257.23,3932.59
2021-02-17,52269.84,3931.33
2021-02-18,51644.16,3913.97
2021-02-19,56029.51,3906.71
2021-02-22,54130.33,3876.5
2021-02-23,48972.11,3881.37
2021-02-24,49789.99,3925.43
2021-02-25,46927.73,3829.34
2021-02-26,46360.17,3811.15
2021-03-01,49652.19,3901.82
2021-03-02,48368.22,3870.29
2021-03-03,50164.67,3819.72
2021-03-04,48327.39,3768.47
2021-03-05,48908.09,3841.94
2021-03-08,52472.59,3821.35
2021-03-09,54999.99,3875.44
2021-03-10,56046.27,3898.81
2021-03-11,57911.02,3939.34
2021-03-12,57174.89,3943.34
2021-03-15,55430.19,3968.94
2021-03-16,57126.52,3962.71
2021-03-17,59221.23,3974.12
2021-03-18,57562.46,3915.46
2021-03-19,58001.29,3913.1
2021-03-22,54230.21,3940.59
2021-03-23,54268.81,3910.52
2021-03-24,52294.65,3889.14
2021-03-25,51386.2,3909.52
2021-03-26,55314.11,3974.54
2021-03-29,57630.72,3971.09
2021-03-30,58800.0,3958.55
2021-03-31,58837.71,3972.89
2021-04-01,58768.84,4019.87
2021-04-02,59019.55,4034.3801
2021-04-05,59200.0,4077.91
2021-04-06,58018.31,4073.94
2021-04-07,55962.11,4079.95
2021-04-08,58108.65,4097.17
2021-04-09,58126.14,4128.8
2021-04-12,59903.04,4127.99
2021-04-13,63660.94,4141.59
2021-04-14,63283.43,4124.66
2021-04-15,63346.93,4170.42
2021-04-16,61486.08,4185.47
2021-04-19,55797.39,4163.26
2021-04-20,56514.9,4134.94
2021-04-21,53919.48,4173.42
2021-04-22,51653.27,4134.98
2021-04-23,51231.69,4180.17
2021-04-26,53969.71,4187.62
2021-04-27,55120.81,4186.72
2021-04-28,54964.11,4183.18
2021-04-29,53562.87,4211.47
2021-04-30,57640.17,4181.17
2021-05-03,57213.29,4192.66
2021-05-04,53128.68,4164.66
2021-05-05,57518.01,4167.59
2021-05-06,56485.77,4201.62
2021-05-07,57373.88,4232.6
2021-05-10,55936.77,4188.43
2021-05-11,56719.0,4152.1
2021-05-12,49095.57,4063.04
2021-05-13,49635.45,4112.5
2021-05-14,49923.92,4173.85
2021-05-17,43768.74,4163.29
2021-05-18,42989.8,4127.83
2021-05-19,37236.61,4115.68
2021-05-20,40749.78,4159.12
2021-05-21,37425.0,4155.86
2021-05-24,38725.06,4197.05
2021-05-25,38370.0,4188.13
2021-05-26,39213.41,4195.99
2021-05-27,38368.17,4200.88
2021-05-28,35770.0,4204.11
2021-05-31,37153.71,4202.5576
2021-06-01,36764.58,4202.04
2021-06-02,37501.36,4208.12
2021-06-03,39215.09,4192.85
2021-06-04,36895.48,4229.89
2021-06-07,33816.09,4226.52
2021-06-08,33432.26,4227.26
2021-06-09,37357.02,4219.55
2021-06-10,36717.51,4239.18
2021-06-11,37282.15,4247.44
2021-06-14,40496.92,4255.15
2021-06-15,40093.93,4246.59
2021-06-16,38394.4,4223.7
2021-06-17,38027.63,4221.86
2021-06-18,35777.39,4166.45
2021-06-21,31686.69,4224.79
2021-06-22,32508.26,4246.44
2021-06-23,33688.35,4241.84
2021-06-24,34695.34,4266.49
2021-06-25,31704.87,4280.7
2021-06-28,34541.8,4290.61
2021-06-29,35928.75,4291.8
2021-06-30,34995.83,4297.5
2021-07-01,33538.49,4319.94
2021-07-02,33832.49,4352.34
2021-07-05,33673.22,4345.74
2021-07-06,34193.9,4343.54
2021-07-07,33791.0,4358.13
2021-07-08,32878.23,4320.82
2021-07-09,33766.87,4369.55
2021-07-12,33096.86,4384.63
2021-07-13,32768.54,4369.21
2021-07-14,32817.18,4374.3
2021-07-15,31891.09,4360.03
2021-07-16,31408.78,4327.16
2021-07-19,30849.9,4258.49
2021-07-20,29788.61,4323.06
2021-07-21,32086.04,4358.69
2021-07-22,32327.95,4367.48
2021-07-23,33700.0,4411.79
2021-07-26,37269.12,4422.3
2021-07-27,39381.82,4401.46
2021-07-28,40031.56,4400.64
2021-07-29,40024.94,4419.15
2021-07-30,42188.95,4395.26
2021-08-02,39146.69,4387.16
2021-08-03,38207.27,4423.15
2021-08-04,39730.0,4402.66
2021-08-05,40893.75,4429.1
2021-08-06,42827.76,4436.52
2021-08-09,46208.5,4432.35
2021-08-10,45565.76,4436.75
2021-08-11,45482.95,4447.7
2021-08-12,44454.37,4460.83
2021-08-13,47765.41,4468.0
2021-08-16,45930.71,4479.71
2021-08-17,44718.51,4448.08
2021-08-18,44735.2,4400.27
2021-08-19,46736.74,4405.8
2021-08-20,49350.99,4441.67
2021-08-23,49464.66,4479.53
2021-08-24,47770.4,4486.23
2021-08-25,48985.05,4496.19
2021-08-26,46770.6,4470.0
2021-08-27,49082.04,4509.37
2021-08-30,46924.16,4528.79
2021-08-31,47065.73,4522.68
2021-09-01,48889.19,4524.09
2021-09-02,49273.33,4536.95
2021-09-03,49919.31,4535.43
2021-09-06,52691.2,4523.88
2021-09-07,46943.82,4520.03
2021-09-08,46022.48,4514.07
2021-09-09,46414.58,4493.28
2021-09-10,44897.75,4458.58
2021-09-13,44969.02,4468.73
2021-09-14,47096.48,4443.05
2021-09-15,48106.71,4480.7
2021-09-16,47772.7,4473.75
2021-09-17,47337.8,4432.99
2021-09-20,42991.14,4357.73
2021-09-21,40656.13,4354.19
2021-09-22,43544.09,4395.64
2021-09-23,44892.71,4448.98
2021-09-24,42816.65,4455.48
2021-09-27,42214.52,4443.11
2021-09-28,41006.19,4352.63
2021-09-29,41522.49,4359.46
2021-09-30,43834.03,4307.54
2021-10-01,48145.34,4357.04
2021-10-04,49248.68,4300.46
2021-10-05,51441.74,4345.72
2021-10-06,55278.64,4363.55
2021-10-07,53844.74,4399.76
2021-10-08,53983.21,4391.34
2021-10-11,57440.05,4361.19
2021-10-12,56019.29,4350.65
2021-10-13,57372.59,4363.8
2021-10-14,57327.09,4438.26
2021-10-15,61682.48,4471.37
2021-10-18,62036.95,4486.46
2021-10-19,64353.53,4519.63
2021-10-20,66005.17,4536.19
2021-10-21,62152.09,4549.78
2021-10-22,60671.75,4544.9
2021-10-25,63102.83,4566.48
2021-10-26,60341.21,4574.79
2021-10-27,58517.61,4551.68
2021-10-28,60577.62,4596.42
2021-10-29,62316.4,4605.38
2021-11-01,60950.0,4613.67
2021-11-02,63357.2,4630.65
2021-11-03,62944.4,4660.57
2021-11-04,61499.24,4680.06
2021-11-05,61000.01,4697.53
2021-11-08,67510.06,4701.7
2021-11-09,66967.98,4685.25
2021-11-10,64896.86,4646.71
2021-11-11,64793.69,4649.27
2021-11-12,64158.51,4682.85
2021-11-15,63441.68,4682.8
2021-11-16,60147.32,4700.9
2021-11-17,60314.28,4688.67
2021-11-18,57017.38,4704.54
2021-11-19,58187.85,4697.96
2021-11-22,56254.57,4682.94
2021-11-23,57599.99,4690.7
2021-11-24,57255.24,4701.46
2021-11-25,59022.44,4648.04
2021-11-26,53839.39,4594.62
2021-11-29,57828.33,4655.27
2021-11-30,56879.47,4567.0
2021-12-01,57228.47,4513.04
2021-12-02,56566.29,4577.1
2021-12-03,53681.96,4538.43
2021-12-06,50588.91,4591.67
2021-12-07,50676.09,4686.75
2021-12-08,50531.51,4701.21
2021-12-09,47639.07,4667.45
2021-12-10,47268.48,4712.02
2021-12-13,46639.86,4668.97
2021-12-14,48343.16,4634.09
2021-12-15,48885.97,4709.85
2021-12-16,47605.48,4668.67
2021-12-17,46240.15,4620.64
2021-12-20,46963.71,4568.02
2021-12-21,48954.47,4649.23
2021-12-22,48646.94,4696.56
2021-12-23,50840.46,4725.79
2021-12-24,50815.7,4742.14
2021-12-27,50663.26,4791.19
2021-12-28,47594.55,4786.35
2021-12-29,46518.8,4793.06
2021-12-30,47097.85,4778.73
2021-12-31,46244.63,4766.18
2022-01-03,46519.76,4796.56
2022-01-04,45889.4,4793.54
2022-01-05,43422.85,4700.58
2022-01-06,43133.33,4696.05
2022-01-07,41656.16,4677.03
2022-01-10,41872.47,4670.29
2022-01-11,42771.24,4713.07
2022-01-12,43884.25,4726.35
2022-01-13,42617.64,4659.03
2022-01-14,43158.68,4662.85
2022-01-17,42285.47,4598.545
2022-01-18,42411.61,4577.11
2022-01-19,41723.49,4532.76
2022-01-20,40696.22,4482.73
2022-01-21,36513.29,4397.94
2022-01-24,36643.49,4410.13
2022-01-25,36976.64,4356.45
2022-01-26,36838.9,4349.93
2022-01-27,37139.68,4326.51
2022-01-28,37677.8,4431.85
2022-01-31,38430.3,4515.55
2022-02-01,38745.11,4546.54
2022-02-02,36905.98,4589.38
2022-02-03,37238.31,4477.44
2022-02-04,41545.39,4500.53
2022-02-07,43897.96,4483.87
2022-02-08,44147.59,4521.54
2022-02-09,44402.94,4587.18
2022-02-10,43477.29,4504.08
2022-02-11,42391.54,4418.64
2022-02-14,42572.56,4401.67
2022-02-15,44469.73,4471.07
2022-02-16,43897.22,4475.01
2022-02-17,40553.82,4380.26
2022-02-18,39993.11,4348.87
2022-02-21,37075.4,4315.787
2022-02-22,38261.46,4304.76
2022-02-23,37225.0,4225.5
2022-02-24,38367.61,4288.7
2022-02-25,39212.8,4384.65
2022-02-28,43206.02,4373.94
2022-03-01,44412.2,4306.26
2022-03-02,43862.75,4386.54
2022-03-03,42432.0,4363.49
2022-03-04,39205.77,4328.87
2022-03-07,38004.69,4201.09
2022-03-08,38724.21,4170.7
2022-03-09,41985.86,4277.88
2022-03-10,39454.87,4259.52
2022-03-11,38670.76,4204.31
2022-03-14,39644.88,4173.11
2022-03-15,39361.36,4262.45
2022-03-16,41109.85,4357.86
2022-03-17,40964.07,4411.67
2022-03-18,41806.03,4463.12
2022-03-21,41009.98,4461.18
2022-03-22,42359.88,4511.61
2022-03-23,42940.28,4456.24
2022-03-24,43979.48,4520.16
2022-03-25,44355.11,4543.06
2022-03-28,47191.31,4575.52
2022-03-29,47430.74,4631.6
2022-03-30,47022.82,4602.45
2022-03-31,45475.83,4530.41
2022-04-01,46222.43,4545.86
2022-04-04,46568.89,4582.64
2022-04-05,45449.25,4525.12
2022-04-06,43206.04,4481.15
2022-04-07,43432.08,4500.21
2022-04-08,42281.5,4488.28
2022-04-11,39615.2,4412.53
2022-04-12,40105.2,4397.45
2022-04-13,41101.04,4446.59
2022-04-14,39910.05,4392.59
2022-04-15,40566.6,4392.3647
2022-04-18,40817.48,4391.69
2022-04-19,41480.25,4462.21
2022-04-20,41350.25,4459.45
2022-04-21,40464.52,4393.66
2022-04-22,39708.2,4271.78
2022-04-25,40490.41,4296.12
2022-04-26,38102.78,4175.2
2022-04-27,39188.42,4183.96
2022-04-28,39737.71,4287.5
2022-04-29,38597.17,4131.93
2022-05-02,38488.36,4155.38
2022-05-03,37708.41,4175.48
2022-05-04,39671.83,4300.17
2022-05-05,36516.79,4146.87
2022-05-06,36013.22,4123.34
2022-05-09,30176.73,3991.24
2022-05-10,30961.83,4001.05
2022-05-11,29027.82,3935.18
2022-05-12,28959.93,3930.08
2022-05-13,29292.4,4023.89
2022-05-16,29854.67,4008.01
2022-05-17,30391.04,4088.85
2022-05-18,28762.93,3923.68
2022-05-19,30258.84,3900.79
2022-05-20,29138.15,3901.36
2022-05-23,29095.68,3973.75
2022-05-24,29605.66,3941.48
2022-05-25,29487.83,3978.73
2022-05-26,29160.96,4057.84
2022-05-27,28608.55,4158.24
2022-05-30,31691.54,4138.6724
2022-05-31,31804.27,4132.15
2022-06-01,29779.16,4101.23
2022-06-02,30428.98,4176.82
2022-06-03,29684.67,4108.54
2022-06-06,31324.88,4121.43
2022-06-07,31073.76,4160.68
2022-06-08,30195.33,4115.77
2022-06-09,30070.71,4017.82
2022-06-10,29061.88,3900.86
2022-06-13,22333.0,3749.63
2022-06-14,22122.57,3735.48
2022-06-15,22544.07,3789.99
2022-06-16,20336.62,3666.77
2022-06-17,20421.22,3674.84
2022-06-20,20534.33,3742.3025
2022-06-21,20675.12,3764.79
2022-06-22,19997.23,3759.89
2022-06-23,21121.55,3795.73
2022-06-24,21206.32,3911.74
2022-06-27,20718.74,3900.11
2022-06-28,20251.34,3821.55
2022-06-29,20094.43,3818.83
2022-06-30,19837.58,3785.38
2022-07-01,19270.3,3825.33
2022-07-04,20205.89,3829.875
2022-07-05,20171.1,3831.39
2022-07-06,20556.8,3845.08
2022-07-07,21657.39,3902.62
2022-07-08,21582.54,3899.38
2022-07-11,19942.91,3854.43
2022-07-12,19302.71,3818.8
2022-07-13,20206.62,3801.78
2022-07-14,20583.48,3790.38
2022-07-15,20838.39,3863.16
2022-07-18,22368.75,3830.85
2022-07-19,23410.92,3936.69
2022-07-20,23237.11,3959.9
2022-07-21,23140.92,3998.95
2022-07-22,22706.35,3961.63
2022-07-25,21248.31,3966.84
2022-07-26,21277.3,3921.05
2022-07-27,22986.74,4023.61
2022-07-28,23875.62,4072.43
2022-07-29,23817.5,4130.29
2022-08-01,23250.19,4118.63
2022-08-02,23005.22,4091.19
2022-08-03,22820.48,4155.17
2022-08-04,22604.63,4151.94
2022-08-05,23285.14,4145.19
2022-08-08,23824.9,4140.06
2022-08-09,23138.91,4122.47
2022-08-10,23982.75,4210.24
2022-08-11,23956.28,4207.27
2022-08-12,24398.29,4280.15
2022-08-15,24092.27,4297.14
2022-08-16,23861.8,4305.2
2022-08-17,23357.89,4274.04
2022-08-18,23175.9,4283.74
2022-08-19,20850.04,4228.48
2022-08-22,21403.82,4137.99
2022-08-23,21529.34,4128.73
2022-08-24,21358.67,4140.77
2022-08-25,21518.35,4199.12
2022-08-26,20230.18,4057.66
2022-08-29,20291.07,4030.61
2022-08-30,19835.7,3986.16
2022-08-31,20025.48,3955.0
2022-09-01,20112.51,3966.85
2022-09-02,19946.87,3924.26
2022-09-05,19807.74,3912.2075
2022-09-06,18777.0,3908.19
2022-09-07,19286.23,3979.87
2022-09-08,19320.01,4006.18
2022-09-09,21355.55,4067.36
2022-09-12,22412.6,4110.41
2022-09-13,20164.09,3932.69
2022-09-14,20216.63,3946.01
2022-09-15,19690.75,3901.35
2022-09-16,19784.17,3873.33
2022-09-19,19553.1,3899.89
2022-09-20,18869.22,3855.93
2022-09-21,18488.54,3789.93
2022-09-22,19402.35,3757.99
2022-09-23,19304.43,3693.23
2022-09-26,19224.81,3655.04
2022-09-27,19072.97,3647.29
2022-09-28,19407.62,3719.04
2022-09-29,19610.61,3640.47
2022-09-30,19415.8,3585.62
2022-10-03,19640.84,3678.43
2022-10-04,20344.37,3790.93
2022-10-05,20152.33,3783.28
2022-10-06,19962.19,3744.52
2022-10-07,19524.22,3639.66
2022-10-10,19104.67,3612.39
2022-10-11,19069.69,3588.84
2022-10-12,19157.32,3577.03
2022-10-13,19382.53,3669.91
2022-10-14,19187.64,3583.07
2022-10-17,19565.96,3677.95
2022-10-18,19334.77,3719.98
2022-10-19,19122.17,3695.16
2022-10-20,19046.77,3665.78
2022-10-21,19172.57,3752.75
2022-10-24,19332.45,3797.34
2022-10-25,20113.74,3859.11
2022-10-26,20760.56,3830.6
2022-10-27,20287.17,3807.3
2022-10-28,20594.01,3901.06
2022-10-31,20472.79,3871.98
2022-11-01,20479.49,3856.1
2022-11-02,20148.56,3759.69
2022-11-03,20205.32,3719.89
2022-11-04,21157.96,3770.55
2022-11-07,20578.77,3806.8
2022-11-08,18561.6,3828.11
2022-11-09,15850.62,3748.57
2022-11-10,17573.15,3956.37
2022-11-11,16997.14,3992.93
2022-11-14,16576.49,3957.25
2022-11-15,16869.14,3991.73
2022-11-16,16660.48,3958.79
2022-11-17,16677.36,3946.56
2022-11-18,16673.07,3965.34
2022-11-21,15755.75,3949.94
2022-11-22,16206.32,4003.58
2022-11-23,16597.46,4027.26
2022-11-24,16579.3,4026.69
2022-11-25,16508.49,4026.12
2022-11-28,16193.89,3963.94
2022-11-29,16441.63,3957.63
2022-11-30,17179.78,4080.11
2022-12-01,16980.55,4076.57
2022-12-02,17099.27,4071.7
2022-12-05,16970.79,3998.84
2022-12-06,17089.95,3941.26
2022-12-07,16844.05,3933.92
2022-12-08,17228.23,3963.51
2022-12-09,17129.01,3934.38
2022-12-12,17209.62,3990.56
2022-12-13,17763.65,4019.65
2022-12-14,17815.79,3995.32
2022-12-15,17358.0,3895.75
2022-12-16,16627.33,3852.36
2022-12-19,16453.07,3817.66
2022-12-20,16893.02,3821.62
2022-12-21,16821.03,3878.44
2022-12-22,16819.21,3822.39
2022-12-23,16776.77,3844.82
2022-12-26,16940.82,3833.1426
2022-12-27,16693.38,3829.25
2022-12-28,16539.02,3783.22
2022-12-29,16626.11,3849.28
2022-12-30,16606.43,3839.5
2023-01-02,16660.83,3827.98
2023-01-03,16670.38,3824.14
2023-01-04,16850.4,3852.97
2023-01-05,16824.98,3808.1
2023-01-06,16950.6,3895.08
2023-01-09,17181.15,3892.09
2023-01-10,17444.75,3919.25
2023-01-11,17942.22,3969.61
2023-01-12,18863.74,3983.17
2023-01-13,19909.21,3999.09
2023-01-16,21186.93,3993.0
2023-01-17,21153.37,3990.97
2023-01-18,20710.89,3928.86
2023-01-19,21088.14,3898.85
2023-01-20,22686.85,3972.61
2023-01-23,22915.32,4019.81
2023-01-24,22612.34,4016.95
2023-01-25,23072.42,4016.22
2023-01-26,23028.35,4060.43
2023-01-27,23072.62,4070.56
2023-01-30,22832.32,4017.77
2023-01-31,23134.74,4076.6
2023-02-01,23740.02,4119.21
2023-02-02,23548.98,4179.76
2023-02-03,23426.4,4136.48
2023-02-06,22751.79,4111.08
2023-02-07,23260.42,4164.0
2023-02-08,22973.38,4117.86
2023-02-09,21804.16,4081.5
2023-02-10,21629.58,4090.46
2023-02-13,21786.33,4137.29
2023-02-14,22193.69,4136.13
2023-02-15,24340.76,4147.6
2023-02-16,23468.21,4090.41
2023-02-17,24562.04,4079.09
2023-02-20,24835.63,4017.7776
2023-02-21,24447.91,3997.34
2023-02-22,24187.63,3991.05
2023-02-23,23938.48,4012.32
2023-02-24,23181.45,3970.04
2023-02-27,23479.61,3982.24
2023-02-28,23146.93,3970.15
2023-03-01,23634.46,3951.39
2023-03-02,23469.09,3981.35
2023-03-03,22343.55,4045.64
2023-03-06,22419.33,4048.42
2023-03-07,22198.95,3986.37
2023-03-08,21712.64,3992.01
2023-03-09,20364.09,3918.32
2023-03-10,20227.02,3861.59
2023-03-13,24239.87,3855.76
2023-03-14,24786.83,3919.29
2023-03-15,24350.57,3891.93
2023-03-16,25040.11,3960.28
2023-03-17,27442.51,3916.64
2023-03-20,27818.07,3951.57
2023-03-21,28195.56,4002.87
2023-03-22,27324.09,3936.97
2023-03-23,28361.31,3948.72
2023-03-24,27488.93,3970.99
2023-03-27,27139.64,3977.53
2023-03-28,27273.12,3971.27
2023-03-29,28366.67,4027.81
2023-03-30,28036.88,4050.83
2023-03-31,28492.72,4109.31
2023-04-03,27807.81,4124.51
2023-04-04,28172.02,4100.6
2023-04-05,28187.68,4090.38
2023-04-06,28053.47,4105.02
2023-04-07,27927.15,4106.0425
2023-04-10,29678.68,4109.11
2023-04-11,30243.93,4108.94
2023-04-12,29913.06,4091.95
2023-04-13,30412.73,4146.22
2023-04-14,30493.72,4137.64
2023-04-17,29449.98,4151.32
2023-04-18,30382.37,4154.87
2023-04-19,28814.51,4154.52
2023-04-20,28235.24,4129.79
2023-04-21,27259.0,4133.52
2023-04-24,27518.81,4137.04
2023-04-25,28321.6,4071.63
2023-04-26,28406.04,4055.99
2023-04-27,29502.8,4135.35
2023-04-28,29344.36,4169.48
2023-05-01,28056.44,4167.87
2023-05-02,28682.78,4119.58
2023-05-03,29047.44,4090.75
2023-05-04,28861.56,4061.22
2023-05-05,29514.95,4136.25
2023-05-08,27682.7,4138.12
2023-05-09,27647.15,4119.17
2023-05-10,27620.2,4137.64
2023-05-11,27007.95,4130.62
2023-05-12,26811.54,4124.08
2023-05-15,27178.3,4136.28
2023-05-16,27041.08,4109.9
2023-05-17,27417.13,4158.77
2023-05-18,26829.49,4198.05
2023-05-19,26877.99,4191.98
2023-05-22,26854.54,4192.63
2023-05-23,27223.75,4145.58
2023-05-24,26321.63,4115.24
2023-05-25,26488.5,4151.28
2023-05-26,26728.06,4205.45
2023-05-29,27755.32,4205.5024
2023-05-30,27696.65,4205.52
2023-05-31,27222.9,4179.83
2023-06-01,26837.1,4221.02
2023-06-02,27250.49,4282.37
2023-06-05,25751.24,4273.79
2023-06-06,27245.8,4283.85
2023-06-07,26347.69,4267.52
2023-06-08,26504.81,4293.93
2023-06-09,26483.2,4298.86
2023-06-12,25906.91,4338.93
2023-06-13,25933.04,4369.01
2023-06-14,25103.81,4372.59
2023-06-15,25542.36,4425.84
2023-06-16,26341.33,4409.59
2023-06-19,26822.19,4393.9297
2023-06-20,28315.01,4388.71
2023-06-21,29998.22,4365.69
2023-06-22,29885.29,4381.89
2023-06-23,30692.18,4348.33
2023-06-26,30279.98,4328.82
2023-06-27,30702.1,4378.41
2023-06-28,30102.6,4376.86
2023-06-29,30441.4,4396.44
2023-06-30,30475.82,4450.38
2023-07-03,31163.19,4455.59
2023-07-04,30766.91,4451.205
2023-07-05,30492.71,4446.82
2023-07-06,29910.89,4411.59
2023-07-07,30337.33,4398.95
2023-07-10,30427.52,4409.53
2023-07-11,30636.22,4439.26
2023-07-12,30379.01,4472.16
2023-07-13,31471.53,4510.04
2023-07-14,30312.82,4505.42
2023-07-17,30150.4,4522.79
2023-07-18,29860.85,4554.98
2023-07-19,29918.57,4565.72
2023-07-20,29807.9,4534.87
2023-07-21,29907.14,4536.34
2023-07-24,29171.26,4554.64
2023-07-25,29221.74,4567.46
2023-07-26,29351.49,4566.75
2023-07-27,29213.16,4537.41
2023-07-28,29311.22,4582.23
2023-07-31,29223.31,4588.96
2023-08-01,29728.88,4576.73
2023-08-02,29155.83,4513.39
2023-08-03,29168.14,4501.89
2023-08-04,29073.7,4478.03
2023-08-07,29179.01,4518.44
2023-08-08,29774.42,4499.38
2023-08-09,29561.54,4467.71
2023-08-10,29418.09,4468.83
2023-08-11,29400.05,4464.05
2023-08-14,29397.35,4489.72
2023-08-15,29165.96,4437.86
2023-08-16,28694.33,4404.33
2023-08-17,26600.98,4370.36
2023-08-18,26043.99,4369.71
2023-08-21,26128.18,4399.77
